manuscript_id,dates_normal,dates_normal_count,dates_kima,dates_kima_count,dates_ai,dates_ai_count,locations_normal,locations_normal_count,locations_kima,locations_kima_count,locations_ai,locations_ai_count,persons_normal,persons_normal_count,persons_kima,persons_kima_count,persons_ai,persons_ai_count
"""990000463550205171""",,0,,0,"שפט | manuscript production date | new data, תשס""ח | publication date | new data",2,"פרנקפורט דמיין | resided in | new data, פולין | production place | new data, ירושלים | preserved in | new data",3,פולין | transferred to | new data,1,"פרנקפורט דמיין | resided in | new data, ירושלים | published in | new data",2,,0,,0,"נפתלי בן שמואל הלוי | scribe | 700$a, י. אביבי | author | new data",2
"""990000463570205171""",,0,,0,"ת""ם לפ""ק | manuscript production date | new data",1,ירושלים | preserved in | new data,1,,0,ירושלים | acquired in | new data,1,אליעזר בן נתנאל | author | 100$a,1,אליעזר בן נתנאל | author | 100$a,1,אליעזר בן נתנאל | author | 100$a,1
"""990000533850205171""",,0,,0,"ה' אלול תלד | manuscript production date | new data, כד אלול תלד | manuscript production date | new data, תקל""ח | acquisition date | new data",3,הנובר | mentioned place | new data,1,,0,מץ | active in | new data,1,"ליב בן לא | owner | 700$a, נתן בן הר | author | 700$a; 100$a, שמעון בן מוהר | scribe | 700$a",3,"ליב בן לא | owner | 700$a, נתן בן הר | author | 700$a; 100$a, שמעון בן מוהר | scribe | 700$a",3,"ליב בן אברהם | owner | 700$a, אברהם | father | 700$a, נתן נטע בן משה הנובר | author | 100$a; 700$a, משה הנובר | father | 100$a; 700$a, לייזר לאנדסהוטה | commentator | new data, נתן בן אברהם | owner | 100$a; 700$a, אברהם | father | 700$a, שמעון בן יוסף הכהן | owner | 700$a, יוסף | father | 700$a, זלמן | owner | 700$a, משה מאיר | donor | 100$a; 700$a, יהודה ליב | owner | 700$a, גימפל בייזיג | owner | 700$a",13
"""990000558270205171""",,0,,0,,0,,0,קארו (דרום אפריקה) | production place | new data,1,,0,משה בן סעדיא | scribe | 700$a,1,משה בן סעדיא | scribe | 700$a,1,"משה בן סעדיא בן יהודה נ' דוד אלקטיעי | extracted_person | 700$a, יוסף בן אלקביץ | extracted_person | 100$a, שלמה בן אברהם ונה | extracted_person | new data, יצחק | extracted_person | 700$a",4
"""990000559760205171""",,0,,0,"ת""י | manuscript production date | new data",1,,0,,0,פירנצה-לורנציאנה | owned in | new data,1,,0,,0,"שמשון אבוקארא | scribe | 700$a, יהודה אזולאי | author | 700$a, אברהם בן עזרא | author | new data",3
"""990000563980205171""",1670 | colophon date | 260$c; 008,1,1670 | manuscript production date | 260$c; 008,1,1670 | manuscript production date | 260$c; 008,1,"פטרה | mentioned place | new data, תימן | production place | new data",2,"אבא (קונגו) | production place | new data, פטרה (עיר קדומה) | production place | new data, תימן (רפובליקה ערבית) | production place | new data",3,,0,,0,,0,"שלמה בירב אבא ישראל | scribe | 700$a, דוד | commissioner | new data, סעיד מעוצ'ה אלגבלי | owner | 700$a",3
"""990000568160205171""",,0,,0,"ת""ט-תל""ד | calendar coverage | new data",1,תימן | production place | new data,1,"נים (צרפת) | transferred to | new data, תימן (רפובליקה ערבית) | transferred to | new data",2,,0,,0,,0,,0
"""990000584490205171""",,0,,0,שנת ו'ל'ש'מ'ח'ה' לפ''ק [=שפ''ט] | manuscript production date | new data,1,,0,,0,,0,,0,,0,"אברהם לנייאדו | commentator | new data, שמואל כהן צדק | commentator | 700$a, י אברבניל | commentator | 700$a; 700$e, מ אלבילדא | commentator | 700$a; 700$e, בחיי | commentator | new data, מ אלשיך | commentator | 700$a; 700$e, שמואל אלפלאס | commentator | 700$a, מ אלמושנינו | commentator | 700$a; 700$e, אהרן אביוב | commentator | 700$a, י אדרבי | commentator | 700$a; 700$e, ש חאגיז | commentator | 700$a, חיים בר כמהר""ר יהודה אלפואל | author | 700$a, מאיר דילויא | author | 700$a, אלשיך | author | 700$a",14
"""990000632200205171""",,0,,0,"התל""א | manuscript production date | new data, התל""ה | manuscript production date | new data",2,תימן | production place | new data,1,"נים (צרפת) | production place | new data, תימן (רפובליקה ערבית) | production place | new data",2,,0,"יוסף בן שלם | scribe | 700$a, זכריא בן סעדיא | scribe | new data",2,"יוסף בן שלם | scribe | 700$a, זכריא בן סעדיא | scribe | new data",2,"יוסף בן שלם בן כמוה""ר זכריא בר' סעדיא המכונה קרח | scribe | 700$a, זכריא בן סעדיא בן זכריא | owner | new data",2
"""990000633510205171""",,0,,0,,0,,0,"גליפולי (איטליה) | sent to | new data, רודז (צרפת) | mentioned place | new data, איסטנבול (תורכיה) | resided in | new data",3,"גאליפולי | unclassified | new data, מרודיש | unclassified | new data, קושטאנדינה | unclassified | new data",3,משה בן שלמה | scribe | 100$a,1,משה בן שלמה | scribe | 100$a,1,"רפאל בן חביב | extracted_person | 700$a, משה בן שלמה די | extracted_person | 100$a, משה בן מכיר | extracted_person | 100$a, יוסף | extracted_person | 700$a",4
"""990000634000205171""",,0,,0,תנה ליצירה | manuscript production date | new data,1,תימן | mentioned place | new data,1,תימן (רפובליקה ערבית) | production place | new data,1,"מאתא אלצ'בירה | written in | new data, מאתא חנאהב | produced in | new data, תימן | active in | new data",3,"סעדיה בן חיים | colophon scribe | 700$a, יוסף בן סעדיה | scribe | 700$a, אלעזר בן אלעזר | author | 700$a",3,"סעדיה בן חיים | colophon scribe | 700$a, יוסף בן סעדיה | scribe | 700$a, אלעזר בן אלעזר | author | 700$a",3,"סעדיה בן חיים בן חלפון הכהן | owner | 700$a, יוסף בן סעדיה בא""מ עמרם בא""מ עודד הלוי | mentioned | 700$a, אלעזר בן אלעזר | author | 700$a",3
"""990000653720205171""",,0,,0,כו לחדש טבת | manuscript production date | new data,1,"אליקים | mentioned place | new data, פראג | production place | new data",2,אליקים (ישראל) | transferred to | new data,1,מפראג | produced in | new data,1,,0,,0,"אליקים געטשלק | scribe | 700$a, צבי הירש | scribe | 700$a, שלמה מולכו | author | 100$a",3
"""990000655210205171""",,0,,0,"תתי""ב | manuscript production date | new data, טבת'א | manuscript production date | new data",2,,0,,0,ויניציאה | produced in | new data,1,משה בן מרדכי | commentator | 700$a,1,משה בן מרדכי | copyist | 700$a,1,"אהרן בן משה ישראל | scribe | 700$a, יעקב צמח | editor | 700$a, משה זכות בן מרדכי | annotator | 700$a",3
"""990000666370205171""",1417 | work creation date | new data,1,1417 | work creation date | new data,1,"שפ""ג | manuscript production date | new data, שפ""א | manuscript production date | new data, 1417 | work creation date | new data",3,"מנטובה | production place | new data, אוקספורד | press location | new data",2,,0,"מנטובה | produced in | new data, אופנהים | owned in | new data",2,,0,,0,,0
"""990000667860205171""",,0,,0,"שצ""ו | death date | new data, שצ""ו | death date | new data, שצ""ו | death date | new data",3,לונדון | preserved in | new data,1,"פררה (איטליה) | repository | new data, מדונה (לטביה) | died in | new data",2,"קצנטינא | written in | new data, פירארה | owned in | new data, לונדון | owned in | new data",3,"מאת בן המעתיק | scribe | new data, ואני בן המעתיק | scribe | new data, חותמת בן הבעלים | owner | new data",3,"מאת בן המעתיק | scribe | new data, ואני בן המעתיק | scribe | new data, חותמת בן הבעלים | owner | new data",3,"יהודה שוואט | scribe | 700$a, עזוז חזק | son of scribe | 700$a, ישראל חזן | owner | 700$a, עזוז שוואט | owner | 700$a, רבן גמליאל | mentioned author | new data",5
"""990000688750205171""",,0,,0,"נ'ש'ב'ע'ה' | manuscript production date | new data, כה""י | donation date | new data",2,,0,אבא (קונגו) | transferred to | new data,1,ספרית אוניברסיטת בר אילן | donated in | new data,1,,0,,0,"ראובן אמארילייו | scribe | 700$a, בנימין | editor | 700$a, אלישע גוואשטלה | editor | 700$a, חיים ויטל | author | 100$a, אברהם נחמיאש | donor | 700$a, יוסף נחמיאש | recipient | 100$a; 700$a",6
"""990000696290205171""",,0,,0,"אתתקל""ד | manuscript production date | new data",1,,0,,0,,0,,0,,0,,0
"""990000738230205171""",1618 | censorship date | new data,1,1618 | censorship date | new data,1,"שע""ד | manuscript production date | new data, 1618 | censoring date | new data",2,,0,,0,גווסטאלה | produced in | new data,1,משה בן לא | scribe | 100$a,1,משה בן לא | scribe | 100$a,1,"יצחק אלישע דאיינה | scribe | 700$a, משה | author | 100$a, מרדכי גלאנטי | editor | 100$a, Gio. Dominico Carretto | censor | 700$a",4
"""990000767700205171""",,0,,0,טו אב | manuscript production date | new data,1,,0,,0,בעיר גדול | produced in | new data,1,,0,,0,יאקב בן יהודא | owner | new data,1
"""990000788440205171""",,0,,0,"תש""ל | publication date | new data",1,ירושלים | published in | new data,1,,0,ירושלים | published in | new data,1,למאיר בן יצחק | translator | new data,1,למאיר בן יצחק | translator | new data,1,"סעדיה | author | 700$a, מאיר בן יצחק | author | 700$a, נח | translator | 700$a, חיים | commissioner | 700$a",4
"""990000792030205171""",,0,,0,טו למנחם צ'ה'ל'י' ו'ר'נ'י' ה' ושבת ציון | manuscript production date | new data,1,"וינה | production place | new data, פראג | production place | new data, הולנד | resided in | new data",3,"פראג (צ'כיה) | production place | new data, נדה (גרמניה) | production place | new data, נית (ויילס) | production place | new data, קהלה (גרמניה) | production place | new data",4,"עיר ברזל הקרובה לעיר וינה שבמדינת הגריאה | produced in | new data, קנדיה | active in | new data, פראג | active in | new data, פורטוגאל | resided in | new data, הולנדה | resided in | new data, ראטרדאם | active in | new data, אמשטרדם | active in | new data",7,"של בן הרב | author | 100$a, ממנה בן ומת | mentioned person | new data",2,"של בן הרב | author | 100$a, ממנה בן ומת | mentioned person | new data",2,"פנחס | author | new data, כלכל | author | new data, פנחס אלקנאה | author | new data, כלאב | author | new data, יששכר | author | 700$a, יאודה ליב ייטליש | judge | new data",6
"""990000798880205171""",,0,,0,1635 | manuscript production date | 260$c; 008,1,,0,,0,,0,שלמה בן יהודה | owner | 100$a,1,שלמה בן יהודה | owner | 100$a,1,שלמה בן יהודה | author | 100$a,1
"""990000825080205171""",,0,,0,"5436 | manuscript production date | new data, 5595 | ownership transfer date | new data, 5596 | ownership transfer date | new data, 5587 | acquisition date | new data, 5600 | sale date | new data",5,,0,"סוס (אזור) (מרוקו) | mentioned place | new data, גבעון החדשה (יהודה ושומרון) | production place | new data",2,"עיר חדש | produced in | new data, טטרית | active in | new data",2,"אהרן בן יוסף | author | 700$a; 100$a, יוסף בן אי | author | 700$a; 100$a, שמחה בן כמ | author | 700$a, יהויכין בן מרדכי | previous owner | 700$a",4,"אהרן בן יוסף | author | 700$a; 100$a, יוסף בן אי | author | 700$a; 100$a, שמחה בן כמ | author | 700$a, יהויכין בן מרדכי | purchaser | 700$a",4,"יוסף בן אי''ו כמ' שמואל אשנבי | seller | 100$a; 700$a, יוסף בן כמ' שמואל | buyer | 100$a; 700$a, יוסף חזן בן א''א מוהר''ר יהודא | witness | 100$a; 700$a, אסתר | seller | 700$a, שמחה בן כמ' אהרן | buyer | 700$a, חנניה בן בלא''א כמ' אפרים | owner | 700$a, גדליה שמואל בן אברהם הזקן | previous owner | 700$a, יהויכין בן מרדכי | borrower | 700$a, שמחה בן אהרן הזקן | creditor | 700$a, אהרן | author | 100$a; 700$a, אברהם | author | 700$a",11
"""990000828230205171""",,0,,0,"5361 | manuscript production date | new data, שנג-שפז | active period | new data",2,,0,"גילה (ירושלים, ישראל) | production place | new data, פררה (איטליה) | production place | new data",3,"פירארא | produced in | new data, בודפשט | owned in | new data",2,זלמן בן יוסף | owner | 700$a,1,זלמן בן יוסף | owner | 700$a,1,"יוסף זלמן | commander | 700$a, זלמן בן יוסף | owner | 700$a, זלמן | mohel | 700$a",3
"""990000829170205171""",,0,,0,5519 | manuscript production date | new data,1,,0,,0,קורטובה | active in | new data,1,משה בן עבד | author | 100$a,1,משה בן עבד | author | 100$a,1,"משה | author | 100$a, משה בן בן עבד האלהים הישראלי הקורטובי | scribe | 100$a, נתן בן המאתי | translator | 700$a",3
"""990000831830205171""",,0,,0,"תמ""ז | manuscript production date | new data, שע""ה | document issuance date | new data, שפ""ד | document issuance date | new data",3,"מנטובה | production place | new data, פורלי | mentioned place | new data",2,"מונסליצ'ה (איטליה) | production place | new data, בוסטו (איטליה) | unclassified | new data, נעלה (יהודה ושומרון) | transferred to | new data",3,"בוסיטו | produced in | new data, מנטובה | produced in | new data, מנטובה | produced in | new data, פורלי | resided in | new data",4,,0,,0,"אהרן באסאן | recipient | 700$a; 600$a, אהרן עזריה | rabbi | 700$a; 600$a, גמליאל מונציליסי | rabbi | 700$a, איסוטה | recipient | 600$a, אלחנן יע""ל | father | 700$a; 600$a, אלייא | issuer | new data, יהוסף | father | new data, מנחם מצליח פואה | husband | 700$a; 600$a, יוסף | issuer | 700$a, רפאל ווגירה | rabbi | 700$a, חנניה | approver | 700$a, אליאה פנצי | rabbi | new data, ברוך גליקו | approver | 700$a",13
"""990000856010205171""",,0,,0,"שצ""ו | manuscript production date | new data",1,"מצרים | active in | new data, חברון | mentioned place | new data, ירושלים | mentioned place | new data",3,"אישים (רוסיה) | production place | new data, בני (בוליביה) | production place | new data, קרית ארבע (יהודה ושומרון) | mentioned place | new data, צפת (ישראל) | production place | new data, נים (צרפת) | production place | new data",5,"קנדיאה | produced in | new data, חברון | mentioned in | new data, צפת | mentioned in | new data, ירושלם | mentioned in | new data, מצרים | active in | new data",5,,0,,0,"שלמה נחום | scribe | 700$a, שבתי | teacher | 700$a, משה קזאני | commissioner | 700$a, משה | rabbi | 700$a, שמואל | rabbi | 700$a, שבתי קזאני | community member | 700$a, מלכיאל | community member | 700$a, זרחיה קזאני | scholar | 700$a, מלכיאל קזאני | rabbi | 700$a, יאודה קזאני | community member | new data, שמואל קזאני | sage | 700$a, פנוריאה | donor | 700$a, אלונה | donor | 700$a, משה הכהן אשכנזי | sage | 700$a, שלמה כהן בלבו | community member | 700$a",15
"""990000885660205171""",,0,,0,,0,"ארץ ישראל | mentioned place | new data, קליווא | worked in | new data, צרפת | mentioned place | new data, לונדון | preserved in | new data, אירופה | mentioned place | new data",5,"פאלץ (גרמניה) | production place | new data, גאולה (עדן : מחנה) | production place | new data",2,"טיסמניצה | unclassified | new data, אוקריינא | unclassified | new data, קליווא | unclassified | new data, פפאלץ | unclassified | new data, פינטשב | unclassified | new data, לונדון | unclassified | new data",6,"אברהם בן מהר | scribe | 100$a, אהרן בן המחבר | author | 700$a",2,"אברהם בן מהר | scribe | 100$a, אהרן בן המחבר | author | 700$a",2,"אברהם בן מהר\ | extracted_person | 100$a, אברהם בן יעקב וויזיל | extracted_person | 100$a, גומפיל וויזל | extracted_person | 700$a, אהרן | extracted_person | 700$a, יוסף קויא | extracted_person | 100$a; 700$a, נתן | extracted_person | 700$a, שבתי צבי | extracted_person | 700$a, יוסף הכהן | extracted_person | 100$a; 700$a, יוטלה בת ליב הדשר | extracted_person | 700$a",9
"""990000893610205171""",,0,,0,"תט""ו | manuscript production date | new data",1,,0,"רג'יו (איטליה) | production place | new data, גואסטלה (איטליה) | mentioned place | new data",2,רייו | produced in | new data,1,,0,,0,"ישראל | scribe | 700$a, טוביה לינגו בן בכמ""ר | scribe | 700$a, אלישע גליקו | editor | 700$a, חיים ויטל | author | 100$a, אלישע גוושטלה בן ר' | editor | 700$a, בנימין הלוי בן ר' | editor | new data, פרנציקו דאיסטי | ruler | new data",7
"""990000913260205171""",,0,,0,,0,פראג | resided in | new data,1,פראג (צ'כיה) | production place | new data,1,"הילדסום | unclassified | new data, פראג | unclassified | new data",2,,0,,0,"יהודא המכונה ליב בן יעקב נתן | extracted_person | 700$a, יהודא המכונה ליב בן יעקב נתן | extracted_person | 700$a",2
"""990000943910205171""",1600 | work creation date | 260$c; 008,1,1600 | work creation date | 260$c; 008,1,1600 | work creation date | 260$c; 008,1,,0,,0,,0,,0,,0,ברטראמוס אייזקוס | author | new data,1
"""990000958680205171""","1569 | printing date | new data, 1597 | censorship date | new data",2,"1569 | printing date | new data, 1597 | censorship date | new data",2,"1569 | printing date | new data, 1540 | printing date | new data, 1294 | manuscript production date | new data, 1597 | censoring date | new data",4,אורבינו | brought from | new data,1,"אנטורפן (בלגיה) | printed in | new data, בוהמיה (צ'כיה) | mentioned place | new data",2,"אנטוורפן | printed in | new data, באשיליאה | printed in | new data, אורבינו | produced in | new data, ויניציאה | resided in | new data, וולטירא | owned in | new data",5,ממשפחת בן נחמיאש | mentioned person | new data,1,ממשפחת בן נחמיאש | mentioned person | new data,1,"ג'ובני יונה | author | 100$a, ג'וליו מורושיני | scribe | 700$a, שמואל בן בן דוד | scribe | new data, אינוצינצו י""א | censor | new data, מנחם | owner | new data, פדריקו מאורבינו | owner | new data, דומניקו אירוסולומיטנו | censor | new data",7
"""990001003390205171""",,0,,0,"תר""ח | manuscript production date | new data",1,,0,,0,,0,,0,,0,"יעקב | supervisor | 700$a, פנחס חי | supervisor | 700$a, יעקב דניאל אולמו | author | 700$a, שמואל מילדולה | author | 700$a",4
"""990001022280205171""",,0,,0,"שס""ג | manuscript production date | new data",1,מוטול | mentioned place | new data,1,"מרינו (איטליה) | production place | new data, נים (צרפת) | production place | new data, סניגליה (איטליה) | resided in | new data",3,"ס' מריני | produced in | new data, מסיניגאלייא | resided in | new data",2,,0,,0,"מורדכי בן אבריאל | owner | new data, מרדכי חיים | owner | 700$a, יהושע | community leader | 700$a, אלחנן | owner | 700$a, שמואל | owner | 700$a",5
"""990001022440205171""",,0,,0,"שצ""ז | manuscript production date | new data",1,קאלי | production place | new data,1,"קגלי (איטליה) | production place | new data, מלן (צרפת) | mentioned place | new data, רקנאטי (איטליה) | mentioned place | new data",3,"קאליי | produced in | new data, קאלי | owned in | new data",2,ידידיה בן משה | owner | 100$a,1,ידידיה בן משה | owner | 100$a,1,"יוסף בן יהודה | scribe | 700$a, רקנטי | translator | 100$a, ידידיה בן משה | translator | 100$a, יוסף בן יהודה | owner | 700$a",4
"""990001022860205171""",1676 | purchase date | new data,1,1676 | sale date | new data,1,"אתתקנו | manuscript production date | new data, 1676 | acquisition date | new data",2,,0,,0,בלאד סנחאן | produced in | new data,1,"אברהם בן סעדיא | colophon scribe | 700$a, תנצבה בן עמרם | mentioned person | new data, שלמה בן יצחק | owner | 100$a",3,"אברהם בן סעדיא | colophon scribe | 700$a, תנצבה בן עמרם | censor | new data, שלמה בן יצחק | owner | 100$a",3,"אברהם בן סעדיא תנצבה בן עמרם בן דוד | scribe | 700$a, שלמה בן בן יצחק | author | 100$a, דוד בן מעודד | owner | 700$a, אהרן בן סעדיא | owner | new data, דוד בן אלאכלופי | owner | 700$a",5
"""990001022880205171""",,0,,0,אתתקסח | manuscript production date | new data,1,,0,סירט (רומניה) | production place | new data,1,"אלאסי | produced in | new data, אלאשרסי | produced in | new data",2,"משה בן יוסף | scribe | 700$a, שלמה בן יצחק | commentator | 100$a",2,"משה בן יוסף | scribe | 700$a, שלמה בן יצחק | commentator | 100$a",2,"משה בן יוסף | scribe | 700$a, מעודד זלה""ה בן יפת נע""ג | ancestor | 700$a, שלמה בן יצחק | commentator | 100$a; 700$a",3
"""990001022920205171""",,0,,0,1349 | manuscript production date | new data,1,,0,,0,קרית דהשן אלקיון | produced in | new data,1,שלמה בן יוסף | scribe | 700$a; 100$a,1,שלמה בן יוסף | scribe | 700$a; 100$a,1,"שלמה בן יוסף | scribe | 100$a; 700$a, סלימן בן סעיד | seller | 700$a, סלימן בן כרבי | buyer | 700$a",3
"""990001039990205171""",1731 | cataloging date | new data,1,1731 | reference date | new data,1,"ת""ן | manuscript production date | new data, 1731 | cataloging date | new data",2,,0,,0,,0,,0,,0,"שלמה שבת | scribe | 700$a, אני התלמיד | scribe | new data",2
"""990001048690205171""",,0,,0,,0,,0,,0,,0,,0,,0,,0
"""990001065130205171""",,0,,0,חמשה לחדש תשרי שנת חמשת אלפים ארבע מאות וששים לבריאת עולם | manuscript production date | new data,1,עמנואל | mentioned place | new data,1,אויניון (צרפת) | transferred to | new data,1,"אויגניון | produced in | new data, קרפנטרץ | custom of | new data",2,,0,,0,עמנואל בן גד דמיליי[אב] | scribe | 700$a,1
"""990001078470205171""","שנת 1620 | censorship date | new data, 1620 | censorship date | new data",2,"שנת 1620 | censorship date | new data, 1620 | censorship date | new data",2,"1620 | censoring date | new data, שעז | manuscript production date | new data",2,ניו יורק | preserved in | new data,1,מודנה (איטליה) | production place | new data,1,"מודינא | mentioned in | new data, ניו יורק | owned in | new data",2,,0,,0,,0
"""990001084690205171""",,0,,0,"תנ""ב | manuscript production date | new data",1,,0,ברוק (גרמניה) | production place | new data,1,קרפנטרץ | produced in | new data,1,,0,,0,"יחיאל מיכל זקש | owner | 700$a, זבולון כרמי | owner | 700$a, שלמה ברוק | owner | 700$a",3
"""990001085960205171""",,0,,0,"תכ""ו | manuscript production date | new data",1,,0,,0,ריגיו | produced in | new data,1,,0,,0,,0
"""990001086690205171""",,0,,0,1450 | manuscript production date | new data,1,ליאון | scribe | new data,1,,0,קרפנטרץ | custom of | new data,1,"ליאון בן מרדכי | scribe | new data, ליאון בן ישראל | scribe | new data",2,"ליאון בן מרדכי | scribe | new data, ליאון בן ישראל | scribe | new data",2,"יצחק ליאון בן מרדכי ליאון | scribe | 700$a, יוסף ליאון בן ישראל ליאון | owner | 700$a, אברהם שלום ליאון | owner | 700$a",3
"""990001114420205171""",,0,,0,,0,תימן | production place | new data,1,תימן (רפובליקה ערבית) | active in | new data,1,,0,,0,,0,,0
"""990001119980205171""",,0,,0,5453 | manuscript production date | new data,1,,0,,0,Amsterdam | produced in | 751$a,1,,0,,0,דניא בלילוס | author | 100$a,1
"""990001121720205171""",1662 | colophon date | 260$c; 008,1,1662 | colophon date | 260$c; 008,1,"1662 | manuscript production date | 260$c; 008, 1663 | cataloging date | new data",2,,0,,0,,0,,0,,0,דוד | commentator | 100$a,1
"""990001124870205171""",,0,,0,"5419 | work creation date | new data, תלה-תלו | additions date | new data, תכט | death date | new data, תכטי | manuscript production date | new data",4,מצרים | death place | new data,1,"נים (צרפת) | production place | new data, סלוניקי (יוון) | mentioned place | new data",2,"מצרים | death location | new data, שאלוניקי | active in | new data, קוסטנטינה | active in | new data",3,,0,,0,"שמואל ויטאל | author | 100$a; 700$a, יעקב קשטרו | rabbi | 700$a, משה ויטאל | scribe | 700$a",3
"""990001167130205171""",,0,,0,,0,,0,,0,,0,,0,,0,"ידידה בן בר רש""ל | rabbi | new data, אברהם בן גאליקו | recipient | new data",2
"""990001188700205171""",,0,,0,"תי""ג | manuscript production date | new data, תי""ד | manuscript production date | new data",2,"דמשק | resided in | new data, ירושלים | moved from | new data",2,,0,"דמשק | active in | new data, ירושלים | active in | new data, סאדאגורא | resided in | new data",3,,0,,0,"רפאל קאפיו | scribe | 700$a, חיים וויטאל | author | 100$a, יעקב צמח | editor | new data, נחום דובער פרידמאן | owner | 700$a",4
"""990001189730205171""",,0,,0,"תמ""ז | manuscript production date | new data",1,סאלם | mentioned place | new data,1,סאלם (ניו המפשייר) | production place | new data,1,"עלקטיעי | active in | new data, עראקי | active in | new data, עלקראי | active in | new data",3,"סעדיא בן יהודה | scribe | new data, משה בן מרדכי | scribe | 700$a, אברהם בן שלמה | commentator | 700$a",3,"סעדיא בן יהודה | scribe | new data, משה בן מרדכי | scribe | 700$a, אברהם בן שלמה | commentator | 700$a",3,"משה | scribe | 700$a, סעדיא בן יהודה | scribe | new data, דוד | person mentioned | new data, משה בן מרדכי | author | 700$a, אברהם בן שלמה | owner | 700$a, הרון | owner | 700$a, סולימאן | person mentioned | new data",7
"""990001197830205171""",,0,,0,"ה'תכ""א | manuscript production date | new data, ה'תר""ט | purchase date | new data, ה'תנ""ח | manuscript production date | new data, תכ""ט | sale date | new data",4,,0,"פזרו (איטליה) | production place | new data, בעי (שווייץ) | production place | new data, נים (צרפת) | production place | new data, רקנאטי (איטליה) | resided in | new data",4,"פיסארו | produced in | new data, ירושלם | active in | new data, ריקאנאטי | resided in | new data, תל אביב | owned in | new data",4,,0,,0,"שמואל מוונדולפו | owner | 700$a, ישראל נאגרה | composer | 100$a, משה שמואל מכבי פינצי בן בר יוסף | owner | 100$a; 700$a, עשהאל פולינייו | seller | new data",4
"""990001209890205171""",,0,,0,אתתקי | manuscript production date | new data,1,,0,,0,,0,"זכריה בן אברהם | scribe | 700$a, סעדיה בן יוסף | owner | 700$a, דוד בן סעיד | owner | 700$a; 100$a",3,"זכריה בן אברהם | scribe | 700$a, סעדיה בן יוסף | owner | 700$a, דוד בן סעיד | owner | 700$a; 100$a",3,"זכריה בן אברהם בן זכריה | scribe | 700$a, סעדיה בן יוסף אלפיומי | translator | 700$a, דוד בן סעיד | owner | 100$a; 700$a",3
"""990001219470205171""",,0,,0,,0,תימן | production place | new data,1,תימן (רפובליקה ערבית) | active in | new data,1,,0,,0,,0,,0
"""990001238680205171""",,0,,0,5454 | manuscript production date | new data,1,,0,,0,,0,יוסף בן כה | scribe | 700$a,1,יוסף בן כה | scribe | 700$a,1,"יוסף בן כה""ר יעקוב יעיד[?] בן חיים | scribe | 700$a, יוסף | scribe | 700$a",2
"""990001248200205171""",,0,,0,"5459 | manuscript production date | new data, תנ""ט | manuscript production date | new data",2,,0,שלשה סור רון (צרפת) | mentioned place | new data,1,ANCONA | produced in | new data,1,,0,,0,"Tranquilli de Provenzalibus | author | new data, מ' גסטר | owner | new data",2
"""990001252810205171""",,0,,0,"תט""ו | manuscript production date | new data",1,,0,"מלן (צרפת) | mentioned place | new data, נים (צרפת) | production place | new data",2,,0,,0,,0,"יהודה חי פורטה | author | 700$a, יצחק לאמפרונטי | owner | 700$a, יוסף דוד בלא""א יעקב חי | owner | 700$a",3
"""990001273190205171""",,0,,0,,0,אפגניסטן | production place | new data,1,,0,אפגניסטן | custom of | new data,1,דוד בן בנימין | author | 700$a,1,דוד בן בנימין | author | 700$a,1,"פנחס חכירי | author | 700$a, דוד בן בנימין כץ | author | 700$a",2
"""990001313900205171""",,0,,0,"אתתקפ""ז | manuscript production date | new data",1,ירושלים | preserved in | new data,1,,0,"בירא דמיא | produced in | new data, ירושלים | acquired in | new data",2,"זכריא בן יוסף | scribe | new data, אברהם בן סעדיא | scribe | new data, יעקוב בן דוד | scribe | new data, שלמה בן יצחק | scribe | 100$a",4,"זכריא בן יוסף | scribe | new data, אברהם בן סעדיא | scribe | new data, יעקוב בן דוד | scribe | new data, שלמה בן יצחק | scribe | 100$a",4,"זכריא בן יוסף בן אברהם בן סעדיא בן עודד אלכ'לפי | scribe | new data, יעקוב בן דוד בן שלמה אלחגבי | commissioner | new data, שלמה בן יצחק | author | 100$a; 700$a, בנימין ריצ'לר | cataloger | new data",4
"""990001326670205171""","1618 | censorship date | 260$c, שנת 1618 | censorship date | 260$c",2,"1618 | censorship date | 260$c, שנת 1618 | censorship date | 260$c",2,"1618 | unclassified | 260$c, 1618 | unclassified | 260$c",2,,0,רג'יו (איטליה) | mentioned place | new data,1,,0,יצחק בן אברהם | scribe | 100$a,1,יצחק בן אברהם | scribe | 100$a,1,"יצחק בן אברהם בן מתתיה | extracted_person | 100$a, יעקב | extracted_person | 700$a, מנחם עזריה | extracted_person | 700$a, קמילו יאגל | extracted_person | new data",4
"""990001338440205171""",,0,,0,,0,,0,,0,,0,"משה בן שלם | scribe | 700$a, שלמה בן יצחק | scribe | 100$a",2,"משה בן שלם | scribe | 700$a, שלמה בן יצחק | scribe | 100$a",2,"זכריא בן משה בן שלם בן סעדיא | scribe | new data, שלמה בן יצחק | commentator | 100$a; 700$a",2
"""990001343040205171""",,0,,0,"תכ""א | manuscript production date | new data, תרמ""ד | manuscript production date | new data",2,"תימן | production place | new data, לונדון | preserved in | new data",2,"תימן (רפובליקה ערבית) | transferred to | new data, מדונה (לטביה) | transferred to | new data, ששון (טורקיה) | transferred to | new data",3,לונדון | owned in | new data,1,,0,,0,,0
"""990001353590205171""",,0,,0,,0,,0,,0,,0,,0,,0,,0
"""990001361140205171""",,0,,0,"א'תתקנ""ו | manuscript production date | new data, ת""ה | manuscript production date | new data, תקנ""א | acquisition date | new data, תרנ""ה | divorce date | new data, תרע""ה | addition date | new data, תרפ""ב | calendar end date | new data, תרס""ו | death date | new data, תרס""ו | death date | new data, תרס""ו | death date | new data, תק""י | calendar end date | new data",10,תימן | production place | new data,1,"נים (צרפת) | production place | new data, תימן (רפובליקה ערבית) | resided in | new data, ריס (גרמניה) | mentioned place | new data",3,מאתא דאר עמר | produced in | new data,1,"זכריה בן יוסף | scribe | 700$a, סעדיה בן מעודד | scribe | new data, סעדיה בן יוסף | scribe | new data",3,"זכריה בן יוסף | scribe | 700$a, סעדיה בן מעודד | scribe | new data, סעדיה בן יוסף | scribe | new data",3,"יצחק בן אברהם | author | 700$a, זכריה בן יוסף בן זכריה | commissioner | 700$a, ספרא חלשא | scribe | new data, סעדיה בן מעודד בן סעדיה בן יוסף | scribe | new data, סעיד בן יחיא אלקאפח | owner | 700$a, סעידה בן יחיא הבאסה | person mentioned | new data, יחיא בסיס | deceased | 700$a, שמעון דמארי | deceased | 700$a, סעיד חתכה | deceased | 700$a",9
"""990001376840205171""",,0,,0,תכג | manuscript production date | new data,1,,0,,0,בלאא כהר | produced in | new data,1,,0,,0,"יום טוב ליפמן | scribe | 700$a, וייבלמן | deceased | 700$a",2
"""990001399370205171""",1652 | colophon completion date | 260$c; 008,1,1652 | colophon date | 260$c; 008,1,1652 | manuscript production date | 260$c; 008,1,,0,,0,,0,סעדיא בן יוסף | scribe | new data,1,סעדיא בן יוסף | scribe | new data,1,"סעדיא בן יוסף | owner | new data, גמילה בן נת סעיד | previous owner | 700$a, אבראהם בן שלמה | owner | new data",3
"""990001402040205171""",,0,,0,1368 | manuscript production date | new data,1,סאלם | mentioned place | new data,1,,0,דמייא | produced in | new data,1,"חזמק בן מזדש | author | new data, חזמק בן חתכי | author | new data, סעיד בן יעקב | scribe | 700$a, סעיד בן סאלם | scribe | 700$a, סעדיה בן יוסף | translator | 700$a",5,"חזמק בן מזדש | author | new data, חזמק בן חתכי | author | new data, סעיד בן יעקב | scribe | 700$a, סעיד בן סאלם | scribe | 700$a, סעדיה בן יוסף | translator | 700$a",5,"חזמק בן מזדש בן חזמק בן חתכי | scribe | 700$a, סעיד בן יעקב בן סעיד בן סאלם | scribe | 700$a, יוסף בן סעיד אלנדאף בן סעיד | owner | 700$a, דוד בן יוסף אלקרואני בן יוסף | owner | 700$a, סעדיה בן יוסף אלפיומי בן יוסף | translator | 700$a, אונקלוס | translator | 700$a",6
"""990001404380205171""",,0,,0,,0,,0,,0,,0,,0,,0,,0
"""990001510630205171""","1707-1698 | birth date | new data, 1698-1707 | birth date | new data, 1707 | birth date | new data, 1698 | birth date | new data, 1905 | transfer of custody date | new data",5,"1707-1698 | birth date | new data, 1698-1707 | birth date | new data, 1707 | birth date | new data, 1698 | birth date | new data, 1905 | transfer of custody date | new data",5,"5435 | manuscript production date | new data, 1698-1707 | birth date | new data, 17 | purchase date | 008, 1905 | acquisition date | new data",4,"עמנואל | production place | new data, ויטוריה | mentioned place | new data",2,נים (צרפת) | production place | new data,1,"לשלאה דויניזו ממחוז אויגניון | produced in | new data, מודינה | active in | new data, CINGOLI | owned in | new data",3,,0,,0,"עמנואל בן גד | scribe | 700$a, אהרן ברכיה | author | 100$a, משה | author | 100$a, מאיר | previous owner | 700$a, יעקב טריויש | owner | 700$a, יצחק יוסף צ'ינגולי | owner | 700$a, ויטוריה טריויש | donor | 700$a",7
"""990001515400205171""",,0,,0,,0,,0,,0,,0,,0,,0,,0
"""990001625330205171""",,0,,0,1347 | manuscript production date | new data,1,,0,,0,,0,,0,,0,יהושע פלק | commentator | 700$a,1
"""990001625570205171""",,0,,0,"תמוז שס""ד | manuscript production date | new data, אב שס""ד | manuscript production date | new data",2,אופנהיים | mentioned place | new data,1,,0,וורמיזא | active in | new data,1,"יעקב בן יהודה | scribe | 700$a, אליעזר בן שמעון | owner | 700$a",2,"יעקב בן יהודה | scribe | 700$a, אליעזר בן שמעון | owner | 700$a",2,"יעקב בן יהודה | scribe | 700$a, אליעזר בן שמעון | owner | 700$a, וולף בן אופנהיים | owner | 700$a",3
"""990001642250205171""",,0,,0,1364 | manuscript production date | new data,1,,0,"שכונת הרכבת (לוד, ישראל) | mentioned place | new data",2,,0,,0,,0,"חיים ויטל | author | 100$a; 700$a, יעקב צמח | editor | 700$a, ראובן | mentioned | 700$a",3
"""990001679060205171""",,0,,0,ת'ב'נ'ה' | manuscript production date | new data,1,"בגדאד | production place | new data, ספרד | mentioned place | new data",2,,0,"ק""ק בגדאד | written in | new data",1,,0,,0,"יונה מזרחי | scribe | 700$a, שמעון מזרחי | owner | 700$a",2
"""990001680850205171""",,0,,0,,0,,0,,0,,0,,0,,0,,0
"""990001709250205171""",,0,,0,"תמ""ה | printing date | new data",1,זולצבך | press location | new data,1,,0,"זולצבך | printed in | new data, פירדא | resided in | new data",2,,0,,0,"אברהם | mentioned | 100$a, יעקב | mentioned | new data, אברהם בן מרדכי אזולאי | author | 100$a, אליעזר בן זקויץ | owner | 700$a, י""א וועצלר | owner | new data",5
"""990001761840205171""",1670 | colophon date | 260$c; 008,1,1670 | colophon date | 260$c; 008,1,1670 | manuscript production date | 260$c; 008,1,,0,נים (צרפת) | production place | new data,1,,0,"סלמון בן ירחם | owner | 100$a, אברהם בן אליהו | owner | 700$a",2,"סלמון בן ירחם | owner | 100$a, אברהם בן אליהו | owner | 700$a",2,"סלמון בן בן ירחם | author | 100$a, אברהם בן בן אליהו פירוז | owner | 700$a",2
"""990001775480205171""",שנת 1653 | colophon date | 260$c; 008,1,שנת 1653 | colophon date | 260$c; 008,1,1653 | manuscript production date | 260$c; 008,1,,0,,0,,0,,0,,0,,0
"""990001780340205171""",,0,,0,"ת""ה | calendar coverage | new data, תצ""א | calendar coverage | new data, אתתקנ""ד | calendar coverage | new data, ת""ג | manuscript production date | new data, תנ""ב | calendar coverage | new data, תקכ""ט | calendar coverage | new data",6,"תימן | mentioned place | new data, מונטריאול | unclassified | new data",2,"תימן (רפובליקה ערבית) | transferred to | new data, צפרו (מרוקו) | mentioned place | new data, מונטריאול (קוויבק) | transferred to | new data",3,"מונטריאול | owned in | new data, ואטיקן | acquired in | new data",2,,0,,0,"יצחק | author | 700$a, האיי גאון | author | new data",2
"""990001785380205171""",,0,,0,"תמ""ו | manuscript production date | new data",1,,0,פוססנו (איטליה) | production place | new data,1,"פוסאנו | produced in | new data, מנטובה | owned in | new data",2,,0,,0,"שמואל דוד אוטולינגו | scribe | 700$a, יחיאל | rabbi | 700$a, משה | author | 100$a, מרדכי זכות | rabbi | 100$a, משה זכות | editor | 100$a, רפאל חי | owner | 700$a, יששכר חי | owner | 700$a",7
"""990001800810205171""",,0,,0,"תכ""ב | manuscript production date | new data, 168 | acquisition date | new data",2,ירושלים | preserved in | new data,1,"בורגו (בנין וניגריה) | transferred to | new data, ישראל | transferred to | new data",2,"פירארה | produced in | new data, מונציליסי | active in | new data, ירושלים | acquired in | new data",3,,0,,0,"יהודה פרווינצאלי | recipient | 600$a, מנחם קזיס | author | 100$a; 700$a, אלחנן | author | 100$a, מנחם ריקאנאטי | approver | 100$a; 700$a, פלטיה חנניה | approver | 700$a, יצחק ידידיה | approver | 700$a, שמואל בורגו | approver | new data, דוד חיים | approver | 700$a, שמעון לוריא | approver | 700$a, ישראל מהלמן | owner | new data",10
"""990001827620205171""","1644 | colophon completion date | 260$c; 008, 1802 | annotation date | new data, 1771 | purchase date | new data",3,"1644 | colophon date | 260$c; 008, 1802 | annotation date | new data, 1771 | sale date | new data",3,"1644 | manuscript production date | 260$c; 008, 1802 | family records date | new data, 1771 | sale date | new data",3,,0,"אתר דור (איחוד האמירויות הערביות) | production place | new data, עמראן (תימן) | production place | new data",2,"מאתר דור עמר מן בלאד ס[נח?]אן | produced in | new data, מתא [...] [ש]עוב אלאעלא | sale location | new data",2,,0,,0,"סעדיה יש""""ל בן בן מעודד תנצב""ה | scribe | 700$a, סעדיה נע""""ג בן בן יוסף רי""""ת | mentioned | 700$a, דאוד בן בן יחיא | owner | new data, עמראן בן ן' יצחק אלבורה | seller | 700$a, יוסף בן ן' מש[ה?] | buyer | new data",5
"""990001831070205171""",,0,,0,5455 | manuscript production date | new data,1,עמנואל | mentioned place | new data,1,עשרת (ישראל) | active in | new data,1,מילייאב | active in | new data,1,,0,,0,עמנואל בן גד | scribe | 700$a,1
"""990001855990205171""",,0,,0,"שנת חמשת אלפים ארבע מאות שלשה ושלים ליצירה | manuscript production date | new data, תרע""ז | prayer composition date | new data",2,"עמנואל | resided in | new data, סינסינטי | preserved in | new data",2,"עמנואל (יהודה ושומרון) | production place | new data, אורים (ישראל) | production place | new data, בעי (שווייץ) | production place | new data, סינסינטי (אוהיו) | production place | new data, קולון (פנמה) | resided in | new data",5,"לישלאה דיווניצו | resided in | new data, באליציען | origin of captives | new data, בוקאווינא | origin of captives | new data, עסטרייך | origin of captives | new data, אונגארין | origin of captives | new data, איטאליא | captivity location | new data, פאססאנו | residence of captives | new data, פוצאנו | mentioned in | new data",8,,0,,0,"עמנואל בן גד | scribe | 700$a, שלמה ידידיה חיים קולון | owner | 700$a",2
"""990001876060205171""",,0,,0,,0,,0,,0,לא ידוע | current location | new data,1,,0,,0,,0
"""990001878130205171""",1607 | colophon date | 260$c; 008,1,1607 | colophon date | 260$c; 008,1,1607 | manuscript production date | 260$c; 008,1,,0,,0,,0,"משה בן מסעוד | scribe | 700$a, ויהודה בן מסעוד | scribe | new data",2,"משה בן מסעוד | scribe | 700$a, ויהודה בן מסעוד | scribe | new data",2,"משה בן מסעוד | owner | 700$a, יהודה בן מסעוד | owner | 700$a, יוסף בן יונה | scribe | 700$a",3
"""990001901770205171""",,0,,0,"א'תתקס""ב | manuscript production date | new data, א'תתקס""ב | manuscript production date | new data",2,,0,,0,מדינת עמראן | produced in | new data,1,"עמרם בן עודד | scribe | 700$a, זכריא בן יהודה | scribe | new data",2,"עמרם בן עודד | scribe | 700$a, זכריא בן יהודה | scribe | new data",2,יוסף בן בן עמרם בן עודד בן זכריא בן יהודה | scribe | 700$a,1
"""990001911540205171""",,0,,0,"התמ""ז | manuscript production date | new data, התמ""ז | manuscript production date | new data",2,,0,,0,ריגייו | produced in | new data,1,,0,,0,"שמואל דוד | scribe | 100$a; 700$a, יחיאל אוטולינגו | owner | 700$a, מהרר""ש דאלויקייו | author | new data, רב אלפסי | author | new data",4
"""990001983850205171""",,0,,0,"תמוז באמ''ת | manuscript production date | new data, תל''א | death date | new data, ה'תקי''ג | death date | new data",3,,0,קרפנטרס (צרפת) | production place | new data,1,קרפנטרץ | produced in | new data,1,מרדכי בן יעקב | scribe | 700$a,1,מרדכי בן יעקב | scribe | 700$a,1,"מרדכי בן יעקב | scribe | 700$a, אשטרוק | scribe | new data, משה | beneficiary | 700$a, יצחק בן דמיאירארגוש | deceased father | 700$a",4
"""990002078620205171""",,0,,0,"ת""י-תנ""ג | manuscript production date | new data",1,תימן | production place | new data,1,"נים (צרפת) | active in | new data, תימן (רפובליקה ערבית) | active in | new data",2,,0,,0,,0,,0
"""990025630180205171""",,0,,0,,0,"תימן | mentioned place | new data, אלוני | collection location | new data",2,"תימן (רפובליקה ערבית) | transferred to | new data, אלוני (פפואה גינאה החדשה) | transferred to | new data",2,,0,,0,,0,,0
"""990025916610205171""",,0,,0,"אתתק""ל | manuscript production date | new data",1,,0,,0,תנעם | active in | new data,1,"אהרן בן יוסף | colophon scribe | 700$a, אבא בן משלם | colophon scribe | 700$a",2,"אהרן בן יוסף | colophon scribe | 700$a, אבא בן משלם | colophon scribe | 700$a",2,"אהרן בן יוסף הכהן | commissioner | 700$a, אבא בן משלם הלוי | scribe | 700$a",2
"""990025934540205171""",1886 | citation date | new data,1,1886 | reference date | new data,1,ש'ע'ז' | manuscript production date | new data,1,איטליה | mentioned place | new data,1,"בני (בוליביה) | production place | new data, נים (צרפת) | resided in | new data, גילה (ירושלים, ישראל) | transferred to | new data",4,"קרית פירארה | produced in | new data, בריסילו | commissioned for owner from | new data",2,"משה בן אברהם | scribe | 700$a, מרדכי בן אליהו | dedicatee | 700$a",2,"משה בן אברהם | scribe | 700$a, מרדכי בן אליהו | patron | 700$a",2,"משה בן אברהם פשקרול | scribe and illustrator | 700$a, מרדכי בן אליהו הלוי | commissioner | 700$a",2
"""990026973440205171""",,0,,0,תטז | publication date | new data,1,דמשק | production place | new data,1,,0,דמשק | published in | new data,1,שמואל בן הרב | author | 700$a,1,שמואל בן הרב | author | 700$a,1,"חיים ויטאל | author | 100$a; 700$a, שמואל | editor | 700$a, שמואל ויטל | editor | 100$a; 700$a",3
"""990027840460205171""",,0,,0,"תשס""ח | publication date | new data, תקמ""ב | printing date | new data, תש""ע | publication date | new data, תשי""ט | printing date | new data, ת""ה | death date | new data, הי""ח-י""ט | manuscript production date | new data, י""ח-י""ט | manuscript production date | new data",7,"ירושלים | preserved in | new data, חברון | active in | new data, דורא | mentioned place | new data, רדומסק | preserved in | new data",4,"גירס (צרפת) | transferred to | new data, שבא (ממלכה) | published in | new data, קרית ארבע (יהודה ושומרון) | active in | new data, רנו (נבדה) | transferred to | new data, בראשי (עיראק) | production place | new data, אדרת (ישראל) | production place | new data, מהו (איי שיישל) | production place | new data, אנו (קאנאגווה-קן, יפן: אי) | resided in | new data, ריו דה ז'ניירו (ברזיל) | mentioned place | new data, שעל (ישראל) | production place | new data, דארן (קלן, גרמניה) | mentioned place | new data, אמיין (צרפת) | mentioned place | new data, נחלים (ישראל) | transferred to | new data, פרש (צרפת) | production place | new data, עין (איחוד האמירויות הערביות) | production place | new data, פאודוסיה (אוקראינה) | mentioned place | new data, תבאי (יוון) | mentioned place | new data, עריכה (מצרים) | transferred to | new data, צור (לבנון) | resided in | new data, ניצנים (ישראל) | mentioned place | new data, ספירה (סוריה) | transferred to | new data",23,"ירושלים | active in | new data, קאראץ | printed in | new data, ירושלים | active in | new data, ירושלים | active in | new data, ירושלים | active in | new data, חברון | active in | new data, ראדאמסק | owned in | new data, ראבינווצר | owned in | new data",8,"יוסף בן טובול | author | 700$a, יוסף בן טבול | author | 700$a, מאיר בן שלמה | scribe | 700$a",3,"יוסף בן טובול | author | 700$a, יוסף בן טבול | author | 700$a, מאיר בן שלמה | scribe | 700$a",3,"מנחם לונזאנו | scribe | 100$a, חיים ויטל | author | 700$a, שמואל פודיילא | questioner | 700$a, חיים | author | 700$a, שלמה סאגיש | recipient | 700$a, מלכיאל אשכנזי | rabbi | 700$a, יצחק לוריא אשכנזי | author | 700$a, יוסף בן טבול | author | 100$a; 700$a, ישראל | scribe | new data, ישראל בנימין | author | new data, ישראל סרוק | author | new data, חיים קאפוסי | questioner | 700$a, צבי מאיר בן שלמה | owner | 700$a, שלמה הכהן | owner | 700$a, י. אביבי | editor | new data, מאיר פופרש | editor | 700$a",16
"""990032575610205171""",1690 | colophon date | 260$c; 008,1,1690 | inscription date | 260$c; 008,1,1690 | manuscript production date | 260$c; 008,1,,0,,0,Amsterdam | produced in | new data,1,,0,,0,Matatia בן Ishack Aboab | scribe | 100$a,1
"""990035044030205171""",,0,,0,,0,"לונדון | preserved in | new data, ויטרבו | possession in | new data, אנקונה | preserved in | new data",3,"נים (צרפת) | transferred to | new data, אנקונה (איטליה) | transferred to | new data, קהלה (גרמניה) | transferred to | new data",3,"ניו-יורק | unclassified | new data, לונדון | unclassified | new data, בודפשט | unclassified | new data, אנקונה | unclassified | new data",4,,0,,0,"יהודה בן דה פורטה | extracted_person | 700$a, שלמה | extracted_person | 700$a, שלמה מפונציבוצי | extracted_person | 700$a, ש' סימונסון | extracted_person | new data, שמואל | extracted_person | 700$a, אברהם | extracted_person | 700$a, קאסוטו | extracted_person | new data",7
"""990035802410205171""",1964 | transfer of custody date | new data,1,1964 | transfer of custody date | new data,1,"אתתקל | manuscript production date | new data, 10.08.1964 | return date | new data",2,"תימן | production place | new data, ירושלים | preserved in | new data",2,אבא (קונגו) | production place | new data,1,"כפר אלאעדאן | produced in | new data, ירושלים | owned in | new data",2,שלמה בן סעדיה | owner | 700$a,1,שלמה בן סעדיה | owner | 700$a,1,"ישראל בירב אבא מרי | scribe | 700$a, יוסף בירב אבא מרי | scribe | 700$a, ישראל | scribe | 700$a, יוסף | scribe | 700$a, משה | scribe | new data, סעדיה | scribe | 700$a, דוד | scribe | new data, אברם | scribe | new data, מעודד | scribe | new data, שלמה בן סעדיה | commissioner | 700$a, סעדיה | commissioner | 700$a, יוסף חובארה | owner | 700$a, שלמה אבן גבירול | author | 700$a",13
"""990036191450205171""",1662 | purchase date | 260$c; 008,1,1662 | purchase date | 260$c; 008,1,"1662 | purchase date | 260$c; 008, א'תתקעג | manuscript production date | new data",2,"ניו יורק | preserved in | new data, סאלם | production place | new data",2,"ניו יורק (נ.י.) | preserved in | new data, צפרו (מרוקו) | mentioned place | new data, סאלם (ניו המפשייר) | preserved in | new data, מזור (ישראל) | transferred to | new data, אביה (יוון : אי) | transferred to | new data",5,"קרית סדם | resided in | new data, ניו יורק | owned in | new data",2,,0,,0,"מנצור בן סאלם אללוי | owner | 700$a, מוסא בן יחיא אלחמדי | previous owner | 700$a, סלימאן בן מוסא | witness | new data, יצחאק בן דאוד | witness | new data, צילה מזור | donor | 700$a, אברהם יערי | previous owner | 700$a",6
